timestamp_utc,gpu_used_mib,gpu_total_mib,gpu_util_percent,process_rss_kib
2026/09/02 22:02:03.888, 0, 95830, 0,137064
2026/09/02 22:02:18.966, 17191, 95830, 0,3850976
2026/09/02 22:02:34.039, 17191, 95830, 0,11872060
2026/09/02 22:02:49.115, 17191, 95830, 0,11399300
2026/09/02 22:03:04.199, 17191, 95830, 0,9557252
2026/09/02 22:03:19.275, 17191, 95830, 0,4559416
2026/09/02 22:03:34.346, 17191, 95830, 0,4566660
2026/09/02 22:03:49.420, 17191, 95830, 0,4684092
2026/09/02 22:04:04.497, 21191, 95830, 12,4876372
2026/09/02 22:04:19.583, 21191, 95830, 0,6064380
2026/09/02 22:04:34.678, 21191, 95830, 0,4894040
2026/09/02 22:04:49.771, 21191, 95830, 0,4971864
2026/09/02 22:05:04.852, 21191, 95830, 0,5060096
2026/09/02 22:05:19.933, 21191, 95830, 0,5101584
2026/09/02 22:05:35.006, 21191, 95830, 0,9915768
2026/09/02 22:05:50.078, 21191, 95830, 0,13666488
2026/09/02 22:06:05.164, 21191, 95830, 0,8980764
2026/09/02 22:06:20.254, 21191, 95830, 0,10052288
2026/09/02 22:06:35.330, 21191, 95830, 0,12705632
2026/09/02 22:06:50.410, 21191, 95830, 0,11489652
2026/09/02 22:07:05.488, 21191, 95830, 0,5572916
2026/09/02 22:07:20.565, 21191, 95830, 0,5638644
2026/09/02 22:07:35.644, 21191, 95830, 0,5669756
2026/09/02 22:07:50.716, 21191, 95830, 0,13926908
2026/09/02 22:08:05.803, 21191, 95830, 0,10077116
2026/09/02 22:08:20.881, 21191, 95830, 0,11166468
2026/09/02 22:08:35.952, 21191, 95830, 0,12028736
2026/09/02 22:08:51.038, 21191, 95830, 0,6541536
2026/09/02 22:09:06.119, 21191, 95830, 0,5824412
2026/09/02 22:09:21.196, 21191, 95830, 0,5956356
2026/09/02 22:09:36.264, 21191, 95830, 0,10038344
2026/09/02 22:09:51.333, 21191, 95830, 0,12935700
2026/09/02 22:10:06.413, 21191, 95830, 0,6162216
2026/09/02 22:10:21.498, 21191, 95830, 0,6005776
2026/09/02 22:10:36.581, 21191, 95830, 0,5910280
2026/09/02 22:10:51.653, 21191, 95830, 0,14578928
2026/09/02 22:11:06.721, 21191, 95830, 0,12355524
2026/09/02 22:11:21.811, 21191, 95830, 0,6398956
2026/09/02 22:11:36.892, 21191, 95830, 0,6284552
2026/09/02 22:11:51.977, 21191, 95830, 0,9205444
2026/09/02 22:12:07.053, 21191, 95830, 0,11264912
2026/09/02 22:12:22.136, 21191, 95830, 0,6023992
2026/09/02 22:12:37.217, 21191, 95830, 0,6157328
2026/09/02 22:12:52.284, 21191, 95830, 0,14033000
2026/09/02 22:13:07.366, 21191, 95830, 0,11959296
2026/09/02 22:13:22.440, 21191, 95830, 0,6374244
2026/09/02 22:13:37.516, 21191, 95830, 0,6453312
2026/09/02 22:13:52.587, 21191, 95830, 0,9278684
2026/09/02 22:14:07.669, 21191, 95830, 0,6334292
2026/09/02 22:14:22.751, 21191, 95830, 0,11724900
2026/09/02 22:14:37.833, 21191, 95830, 0,12544184
2026/09/02 22:14:52.922, 21191, 95830, 0,6830968
2026/09/02 22:15:08.005, 21191, 95830, 0,6544768
2026/09/02 22:15:23.084, 21191, 95830, 0,6687012
2026/09/02 22:15:38.164, 21191, 95830, 0,6707268
2026/09/02 22:15:53.238, 21191, 95830, 91,7369244
2026/09/02 22:16:08.292, 21191, 95830, 0,6657284
2026/09/02 22:16:23.369, 21191, 95830, 0,10778876
2026/09/02 22:16:38.448, 21191, 95830, 0,6804516
2026/09/02 22:16:53.528, 21191, 95830, 0,6962844
2026/09/02 22:17:08.604, 21191, 95830, 0,14417548
2026/09/02 22:17:23.688, 21191, 95830, 0,9521936
2026/09/02 22:17:38.770, 21191, 95830, 29,7174824
2026/09/02 22:17:53.858, 21191, 95830, 0,8006996
2026/09/02 22:18:08.941, 21191, 95830, 0,8068092
2026/09/02 22:18:24.030, 21191, 95830, 0,7054184
2026/09/02 22:18:39.124, 21191, 95830, 0,7448968
2026/09/02 22:18:54.205, 21191, 95830, 0,7153384
2026/09/02 22:19:09.285, 21191, 95830, 0,7254500
2026/09/02 22:19:24.365, 21191, 95830, 0,7431128
2026/09/02 22:19:39.444, 21191, 95830, 0,7357220
2026/09/02 22:19:54.520, 21191, 95830, 0,9885184
2026/09/02 22:20:09.604, 21191, 95830, 0,7202328
2026/09/02 22:20:24.678, 21191, 95830, 0,15915368
2026/09/02 22:20:39.764, 21191, 95830, 0,11643088
2026/09/02 22:20:54.854, 21191, 95830, 0,8168332
2026/09/02 22:21:09.936, 21191, 95830, 0,7465240
2026/09/02 22:21:25.017, 21191, 95830, 0,7546780
2026/09/02 22:21:40.091, 21191, 95830, 0,15880536
2026/09/02 22:21:55.176, 21191, 95830, 0,14325896
2026/09/02 22:22:10.254, 21191, 95830, 0,13879832
2026/09/02 22:22:25.332, 21191, 95830, 0,7323464
2026/09/02 22:22:40.401, 21191, 95830, 0,15508420
2026/09/02 22:22:55.478, 21191, 95830, 0,12772976
2026/09/02 22:23:10.570, 21191, 95830, 0,8021960
2026/09/02 22:23:25.653, 21191, 95830, 0,7681916
2026/09/02 22:23:40.737, 21191, 95830, 87,7833064
2026/09/02 22:23:55.811, 21191, 95830, 0,7468148
2026/09/02 22:24:10.888, 21191, 95830, 0,7540440
2026/09/02 22:24:25.969, 21191, 95830, 0,7520992
2026/09/02 22:24:41.041, 21191, 95830, 0,16088616
2026/09/02 22:24:56.121, 21191, 95830, 0,13684300
2026/09/02 22:25:11.211, 21191, 95830, 0,8329600
2026/09/02 22:25:26.302, 21191, 95830, 0,7797136
2026/09/02 22:25:41.384, 21191, 95830, 0,7922780
2026/09/02 22:25:56.461, 21191, 95830, 0,13806060
2026/09/02 22:26:11.545, 21191, 95830, 0,10407616
2026/09/02 22:26:26.625, 21191, 95830, 0,7860712
2026/09/02 22:26:41.706, 21191, 95830, 0,7973932
2026/09/02 22:26:56.779, 21191, 95830, 0,7961056
2026/09/02 22:27:11.862, 21191, 95830, 0,13895488
2026/09/02 22:27:26.941, 21191, 95830, 0,11987892
2026/09/02 22:27:42.019, 21191, 95830, 15,8191944
2026/09/02 22:27:57.107, 21191, 95830, 0,7959620
2026/09/02 22:28:12.187, 21191, 95830, 0,7920424
2026/09/02 22:28:27.266, 21191, 95830, 0,7959932
2026/09/02 22:28:42.344, 21191, 95830, 0,15343424
2026/09/02 22:28:57.419, 21191, 95830, 0,10480796
2026/09/02 22:29:12.510, 21191, 95830, 0,8163416
2026/09/02 22:29:27.591, 21191, 95830, 0,8400924
2026/09/02 22:29:42.668, 21193, 95830, 0,17114188
2026/09/02 22:29:57.752, 21193, 95830, 0,7949296
2026/09/02 22:30:12.827, 21193, 95830, 0,9416184
2026/09/02 22:30:27.904, 21193, 95830, 0,14002716
2026/09/02 22:30:42.978, 21193, 95830, 0,14825236
2026/09/02 22:30:58.056, 21193, 95830, 0,8182816
2026/09/02 22:31:13.132, 21193, 95830, 0,8292344
2026/09/02 22:31:28.201, 21193, 95830, 0,16352176
2026/09/02 22:31:43.282, 21193, 95830, 0,9796844
2026/09/02 22:31:58.367, 21193, 95830, 0,8049980
2026/09/02 22:32:13.448, 21193, 95830, 0,8077904
2026/09/02 22:32:28.524, 21193, 95830, 0,8239244
2026/09/02 22:32:43.604, 21193, 95830, 0,8257380
2026/09/02 22:32:58.673, 21193, 95830, 0,15661104
2026/09/02 22:33:13.747, 21193, 95830, 0,16968536
2026/09/02 22:33:28.829, 21193, 95830, 0,8431924
2026/09/02 22:33:43.909, 21193, 95830, 0,8002372
2026/09/02 22:33:58.988, 21193, 95830, 0,8003504
2026/09/02 22:34:14.056, 21193, 95830, 0,16254600
2026/09/02 22:34:29.128, 21193, 95830, 0,10796896
2026/09/02 22:34:44.204, 21193, 95830, 0,8258328
2026/09/02 22:34:59.274, 21193, 95830, 0,8837476
2026/09/02 22:35:14.362, 21193, 95830, 0,8516104
2026/09/02 22:35:29.425, 21193, 95830, 0,7964176
2026/09/02 22:35:44.508, 21193, 95830, 0,8058696
2026/09/02 22:35:59.583, 21193, 95830, 0,14627840
2026/09/02 22:36:14.658, 21193, 95830, 0,13558752
2026/09/02 22:36:29.732, 21193, 95830, 0,8268976
2026/09/02 22:36:44.813, 21193, 95830, 0,8384300
2026/09/02 22:36:59.881, 21193, 95830, 0,16175400
2026/09/02 22:37:14.960, 21193, 95830, 0,9178492
2026/09/02 22:37:30.044, 21193, 95830, 0,8232876
2026/09/02 22:37:45.124, 21193, 95830, 0,8133256
2026/09/02 22:38:00.204, 21193, 95830, 0,8275952
2026/09/02 22:38:15.282, 21193, 95830, 0,14397288
2026/09/02 22:38:30.363, 21193, 95830, 0,12806120
2026/09/02 22:38:45.450, 21193, 95830, 0,8384400
2026/09/02 22:39:00.543, 21193, 95830, 0,13624704
2026/09/02 22:39:15.624, 21193, 95830, 0,8061436
2026/09/02 22:39:30.709, 21193, 95830, 0,9690412
2026/09/02 22:39:45.791, 21193, 95830, 0,14255556
2026/09/02 22:40:00.864, 21193, 95830, 0,8400892
2026/09/02 22:40:15.941, 21193, 95830, 0,8467608
2026/09/02 22:40:31.014, 21193, 95830, 0,14743404
2026/09/02 22:40:46.092, 21193, 95830, 0,8378680
2026/09/02 22:41:01.163, 21193, 95830, 0,16081172
2026/09/02 22:41:16.252, 21193, 95830, 0,8681092
2026/09/02 22:41:31.318, 21193, 95830, 0,11811740
2026/09/02 22:41:46.388, 21193, 95830, 0,8724200
2026/09/02 22:42:01.457, 21193, 95830, 0,12029492
2026/09/02 22:42:16.524, 21193, 95830, 0,14019016
2026/09/02 22:42:31.603, 21193, 95830, 0,8474912
2026/09/02 22:42:46.685, 21193, 95830, 0,8586588
2026/09/02 22:43:01.756, 21193, 95830, 0,15530136
2026/09/02 22:43:16.833, 21193, 95830, 0,8706572
2026/09/02 22:43:31.908, 21193, 95830, 0,15482680
2026/09/02 22:43:46.995, 21193, 95830, 0,8409020
2026/09/02 22:44:02.081, 21193, 95830, 0,14919848
2026/09/02 22:44:17.161, 21193, 95830, 0,8609096
2026/09/02 22:44:32.246, 21193, 95830, 0,13827236
2026/09/02 22:44:47.339, 21193, 95830, 0,8788144
2026/09/02 22:45:02.411, 21193, 95830, 0,11457536
2026/09/02 22:45:17.494, 21193, 95830, 0,8973344
2026/09/02 22:45:32.577, 21193, 95830, 0,8508200
2026/09/02 22:45:47.653, 21193, 95830, 0,13888940
2026/09/02 22:46:02.732, 21193, 95830, 0,8658228
2026/09/02 22:46:17.801, 21193, 95830, 0,11459068
2026/09/02 22:46:32.890, 21193, 95830, 0,9124580
2026/09/02 22:46:47.980, 21193, 95830, 67,8934460
2026/09/02 22:47:03.054, 21193, 95830, 0,13883196
2026/09/02 22:47:18.132, 21193, 95830, 0,8602548
2026/09/02 22:47:33.203, 21193, 95830, 0,16630516
2026/09/02 22:47:48.281, 21193, 95830, 0,8745640
2026/09/02 22:48:03.354, 21193, 95830, 0,16150968
2026/09/02 22:48:18.411, 21193, 95830, 18,8958572
2026/09/02 22:48:33.487, 21193, 95830, 0,14511960
2026/09/02 22:48:48.563, 21193, 95830, 0,8636840
2026/09/02 22:49:03.633, 21193, 95830, 0,14497996
2026/09/02 22:49:18.712, 21193, 95830, 0,8821276
2026/09/02 22:49:33.792, 21193, 95830, 0,13316096
2026/09/02 22:49:48.876, 21193, 95830, 25,9022232
2026/09/02 22:50:03.927, 21193, 95830, 0,8625808
2026/09/02 22:50:19.014, 21193, 95830, 0,14134176
2026/09/02 22:50:34.106, 21193, 95830, 0,8729728
2026/09/02 22:50:49.176, 21193, 95830, 0,16585516
2026/09/02 22:51:04.246, 21193, 95830, 0,15965364
2026/09/02 22:51:19.296, 21193, 95830, 0,8957848
2026/09/02 22:51:34.379, 21193, 95830, 95,8662540
2026/09/02 22:51:49.451, 21193, 95830, 0,16248628
2026/09/02 22:52:04.528, 21193, 95830, 0,8757240
2026/09/02 22:52:19.606, 21193, 95830, 0,13377688
2026/09/02 22:52:34.684, 21193, 95830, 0,8937344
2026/09/02 22:52:49.761, 21193, 95830, 0,13745600
2026/09/02 22:53:04.850, 21193, 95830, 69,9091788
2026/09/02 22:53:19.940, 21193, 95830, 0,12052676
2026/09/02 22:53:35.024, 21193, 95830, 0,8809840
2026/09/02 22:53:50.109, 21193, 95830, 0,11188548
2026/09/02 22:54:05.182, 21193, 95830, 0,15871212
2026/09/02 22:54:20.239, 21193, 95830, 0,13088312
2026/09/02 22:54:35.312, 21193, 95830, 0,16099636
2026/09/02 22:54:50.362, 21193, 95830, 0,8698080
2026/09/02 22:55:05.410, 21193, 95830, 0,18366824
2026/09/02 22:55:20.478, 21193, 95830, 0,16123932
2026/09/02 22:55:35.557, 21193, 95830, 0,8968324
2026/09/02 22:55:50.639, 21193, 95830, 0,14468292
2026/09/02 22:56:05.728, 21193, 95830, 0,13500756
2026/09/02 22:56:20.808, 21193, 95830, 0,8680708
2026/09/02 22:56:35.879, 21193, 95830, 0,15025788
2026/09/02 22:56:50.963, 21193, 95830, 0,12265748
2026/09/02 22:57:06.044, 21193, 95830, 0,8994272
2026/09/02 22:57:21.109, 21193, 95830, 0,14199696
2026/09/02 22:57:36.182, 21193, 95830, 0,17513432
2026/09/02 22:57:51.259, 21193, 95830, 0,11654176
2026/09/02 22:58:06.325, 21193, 95830, 0,9857208
2026/09/02 22:58:21.399, 21193, 95830, 0,13988648
2026/09/02 22:58:36.476, 21193, 95830, 0,8944224
2026/09/02 22:58:51.545, 21193, 95830, 0,16037592
2026/09/02 22:59:06.613, 21193, 95830, 0,16007532
2026/09/02 22:59:21.687, 21193, 95830, 0,13837428
2026/09/02 22:59:36.763, 21193, 95830, 0,8765072
2026/09/02 22:59:51.834, 21193, 95830, 0,15308860
2026/09/02 23:00:06.885, 21193, 95830, 0,8985932
2026/09/02 23:00:21.948, 21193, 95830, 0,19077644
2026/09/02 23:00:37.024, 21193, 95830, 0,9121940
2026/09/02 23:00:52.097, 21193, 95830, 0,14050716
2026/09/02 23:01:07.172, 21193, 95830, 0,8790032
2026/09/02 23:01:22.247, 21193, 95830, 0,16034232
2026/09/02 23:01:37.325, 21193, 95830, 0,8927884
2026/09/02 23:01:52.394, 21193, 95830, 0,15331632
2026/09/02 23:02:07.481, 21193, 95830, 17,9122684
2026/09/02 23:02:22.553, 21193, 95830, 0,15584584
2026/09/02 23:02:37.627, 21193, 95830, 0,8742476
2026/09/02 23:02:52.673, 21193, 95830, 0,14854156
2026/09/02 23:03:07.745, 21193, 95830, 0,8941204
2026/09/02 23:03:22.815, 21193, 95830, 0,14172844
2026/09/02 23:03:37.884, 21193, 95830, 0,17708788
2026/09/02 23:03:52.956, 21193, 95830, 0,8712628
2026/09/02 23:04:08.033, 21193, 95830, 0,14349884
2026/09/02 23:04:23.107, 21193, 95830, 0,8890536
2026/09/02 23:04:38.190, 21193, 95830, 0,9087272
2026/09/02 23:04:53.266, 21193, 95830, 0,9145584
2026/09/02 23:05:08.311, 21193, 95830, 0,15077916
2026/09/02 23:05:23.378, 21193, 95830, 0,16430508
2026/09/02 23:05:38.456, 21193, 95830, 0,8917032
2026/09/02 23:05:53.531, 21193, 95830, 0,14437828
2026/09/02 23:06:08.617, 21193, 95830, 0,9077088
2026/09/02 23:06:23.688, 42381, 95830, 0,15654828
2026/09/02 23:06:38.758, 42381, 95830, 0,12353836
2026/09/02 23:06:53.837, 42381, 95830, 0,8741416
2026/09/02 23:07:08.912, 42381, 95830, 0,10305828
2026/09/02 23:07:23.984, 42381, 95830, 0,12401252
2026/09/02 23:07:39.082, 42381, 95830, 0,15077944
2026/09/02 23:07:54.174, 42381, 95830, 22,9143328
2026/09/02 23:08:09.257, 42381, 95830, 0,16948308
2026/09/02 23:08:24.367, 46381, 95830, 0,9680880
2026/09/02 23:08:39.435, 46381, 95830, 0,8906284
2026/09/02 23:08:54.523, 46381, 95830, 0,14790936
2026/09/02 23:09:09.600, 46381, 95830, 0,9161932
2026/09/02 23:09:24.670, 46381, 95830, 0,16010852
2026/09/02 23:09:39.742, 46381, 95830, 0,8702364
2026/09/02 23:09:54.814, 46381, 95830, 0,13820448
2026/09/02 23:10:09.869, 46381, 95830, 0,8890560
2026/09/02 23:10:24.959, 46381, 95830, 0,15023584
2026/09/02 23:10:40.036, 46381, 95830, 0,12251496
2026/09/02 23:10:55.102, 46381, 95830, 0,9154112
2026/09/02 23:11:10.180, 46381, 95830, 0,12834236
2026/09/02 23:11:25.259, 46381, 95830, 0,8830504
2026/09/02 23:11:40.330, 46381, 95830, 0,14592524
2026/09/02 23:11:55.403, 46381, 95830, 0,14917468
2026/09/02 23:12:10.484, 46381, 95830, 0,9121168
2026/09/02 23:12:25.564, 46381, 95830, 0,12188972
2026/09/02 23:12:40.639, 46381, 95830, 0,14371936
2026/09/02 23:12:55.710, 46381, 95830, 0,8859992
2026/09/02 23:13:10.787, 46381, 95830, 0,12754180
2026/09/02 23:13:25.885, 46381, 95830, 0,9030172
2026/09/02 23:13:40.961, 46381, 95830, 0,12802252
2026/09/02 23:13:56.034, 46381, 95830, 0,9175104
2026/09/02 23:14:11.126, 46381, 95830, 0,17818292
2026/09/02 23:14:26.199, 46381, 95830, 0,8876692
2026/09/02 23:14:41.272, 46381, 95830, 0,14742840
2026/09/02 23:14:56.346, 46381, 95830, 0,9054780
2026/09/02 23:15:11.437, 46381, 95830, 0,15010468
2026/09/02 23:15:26.512, 46381, 95830, 0,9194472
2026/09/02 23:15:41.585, 46381, 95830, 0,12365156
2026/09/02 23:15:56.657, 46381, 95830, 0,8844216
2026/09/02 23:16:11.729, 46381, 95830, 0,14048956
2026/09/02 23:16:26.829, 46381, 95830, 0,14746200
2026/09/02 23:16:41.899, 46381, 95830, 0,9101148
2026/09/02 23:16:56.976, 46381, 95830, 0,9863484
2026/09/02 23:17:12.045, 46381, 95830, 0,8742608
2026/09/02 23:17:27.137, 46381, 95830, 0,14036904
2026/09/02 23:17:42.206, 46381, 95830, 0,8922600
2026/09/02 23:17:57.276, 46381, 95830, 0,14938884
2026/09/02 23:18:12.336, 46381, 95830, 0,13069440
2026/09/02 23:18:27.413, 46381, 95830, 0,9221276
2026/09/02 23:18:42.481, 46381, 95830, 0,14781088
2026/09/02 23:18:57.550, 46381, 95830, 0,8830612
2026/09/02 23:19:12.621, 46381, 95830, 0,8893160
2026/09/02 23:19:27.734, 46381, 95830, 0,17806552
2026/09/02 23:19:42.835, 46381, 95830, 0,15108060
2026/09/02 23:19:57.908, 46381, 95830, 0,9120688
2026/09/02 23:20:12.979, 46381, 95830, 0,16287332
2026/09/02 23:20:28.051, 46381, 95830, 0,8773060
2026/09/02 23:20:43.118, 46381, 95830, 0,13532768
2026/09/02 23:20:58.190, 46381, 95830, 0,8900092
2026/09/02 23:21:13.264, 46381, 95830, 0,17177132
2026/09/02 23:21:28.330, 46381, 95830, 0,12990896
2026/09/02 23:21:43.394, 46381, 95830, 32,13795780
2026/09/02 23:21:58.486, 46381, 95830, 0,8747972
2026/09/02 23:22:13.558, 46381, 95830, 0,14181152
2026/09/02 23:22:28.629, 46381, 95830, 0,14513784
2026/09/02 23:22:43.702, 46381, 95830, 0,9026428
2026/09/02 23:22:58.761, 46381, 95830, 0,16112204
2026/09/02 23:23:13.883, 46381, 95830, 66,9200572
2026/09/02 23:23:28.954, 46381, 95830, 0,18864676
2026/09/02 23:23:44.070, 46381, 95830, 0,8834288
2026/09/02 23:23:59.157, 46381, 95830, 0,18230904
2026/09/02 23:24:14.264, 46381, 95830, 0,9073684
2026/09/02 23:24:29.360, 46381, 95830, 0,13188908
2026/09/02 23:24:44.477, 46381, 95830, 0,14370332
2026/09/02 23:24:59.567, 46381, 95830, 0,13295044
2026/09/02 23:25:14.637, 46381, 95830, 0,8882004
2026/09/02 23:25:29.711, 46381, 95830, 0,16709612
2026/09/02 23:25:44.788, 46381, 95830, 0,9517320
2026/09/02 23:25:59.858, 46381, 95830, 0,9146564
2026/09/02 23:26:14.931, 46381, 95830, 0,9167908
2026/09/02 23:26:30.023, 46381, 95830, 0,16579820
2026/09/02 23:26:45.093, 46381, 95830, 0,15614500
2026/09/02 23:27:00.162, 46381, 95830, 0,8944408
2026/09/02 23:27:15.231, 46381, 95830, 0,16409004
2026/09/02 23:27:30.307, 46381, 95830, 0,9141068
2026/09/02 23:27:45.384, 46381, 95830, 29,9176424
2026/09/02 23:28:00.458, 46381, 95830, 0,15625304
2026/09/02 23:28:15.536, 46381, 95830, 0,12688696
2026/09/02 23:28:30.611, 46381, 95830, 0,8936348
2026/09/02 23:28:45.682, 46381, 95830, 0,14799308
2026/09/02 23:29:00.779, 46381, 95830, 0,9164776
2026/09/02 23:29:15.852, 46381, 95830, 0,9301948
2026/09/02 23:29:30.917, 46381, 95830, 0,15386256
2026/09/02 23:29:45.988, 46381, 95830, 8,15231132
2026/09/02 23:30:01.059, 46381, 95830, 0,8922620
2026/09/02 23:30:16.161, 46381, 95830, 0,15417232
2026/09/02 23:30:31.276, 46381, 95830, 0,9127824
2026/09/02 23:30:46.346, 46381, 95830, 0,11921244
2026/09/02 23:31:01.422, 46381, 95830, 0,15684084
2026/09/02 23:31:16.524, 46381, 95830, 0,16521004
2026/09/02 23:31:31.596, 46381, 95830, 0,8985936
2026/09/02 23:31:46.665, 46381, 95830, 0,18474220
2026/09/02 23:32:01.780, 46381, 95830, 0,14222436
2026/09/02 23:32:16.859, 46381, 95830, 0,9127296
2026/09/02 23:32:31.925, 46381, 95830, 0,15031340
2026/09/02 23:32:46.994, 46381, 95830, 0,8795776
2026/09/02 23:33:02.058, 46381, 95830, 0,17692068
2026/09/02 23:33:17.127, 46381, 95830, 0,10310388
2026/09/02 23:33:32.176, 46381, 95830, 35,9060844
2026/09/02 23:33:47.250, 46383, 95830, 0,19105724
2026/09/02 23:34:02.317, 46383, 95830, 0,16045712
2026/09/02 23:34:17.386, 46383, 95830, 0,13008744
2026/09/02 23:34:32.465, 46383, 95830, 0,8939536
2026/09/02 23:34:47.564, 46383, 95830, 0,18839812
2026/09/02 23:35:02.674, 46383, 95830, 0,15211516
2026/09/02 23:35:17.772, 46383, 95830, 0,9095688
2026/09/02 23:35:32.843, 46383, 95830, 3,8685128
2026/09/02 23:35:47.953, 46383, 95830, 0,16051816
2026/09/02 23:36:03.060, 46383, 95830, 0,10352264
2026/09/02 23:36:18.148, 46383, 95830, 0,10239300
2026/09/02 23:36:33.238, 46383, 95830, 0,14734692
2026/09/02 23:36:48.310, 46383, 95830, 0,9096772
2026/09/02 23:37:03.388, 46383, 95830, 0,9182576
2026/09/02 23:37:18.453, 46383, 95830, 0,16948668
2026/09/02 23:37:33.522, 46383, 95830, 0,8815140
2026/09/02 23:37:48.628, 46383, 95830, 0,15943088
2026/09/02 23:38:03.692, 46383, 95830, 0,11894632
2026/09/02 23:38:18.779, 46383, 95830, 0,9162500
2026/09/02 23:38:33.854, 46383, 95830, 0,9203924
2026/09/02 23:38:48.927, 46383, 95830, 0,14153748
2026/09/02 23:39:04.003, 46383, 95830, 0,8889372
2026/09/02 23:39:19.078, 46383, 95830, 0,12080328
2026/09/02 23:39:34.144, 46383, 95830, 0,9264068
2026/09/02 23:39:49.215, 46383, 95830, 0,9209948
2026/09/02 23:40:04.299, 46383, 95830, 0,8694932
2026/09/02 23:40:19.379, 46383, 95830, 0,16095928
2026/09/02 23:40:34.474, 46383, 95830, 0,11482880
2026/09/02 23:40:49.543, 46383, 95830, 0,9010412
2026/09/02 23:41:04.633, 46383, 95830, 0,16288516
2026/09/02 23:41:19.740, 46383, 95830, 0,14424048
2026/09/02 23:41:34.837, 46383, 95830, 0,13646816
2026/09/02 23:41:49.912, 46383, 95830, 0,8805860
2026/09/02 23:42:04.981, 46383, 95830, 0,13986164
2026/09/02 23:42:20.051, 46383, 95830, 0,9010912
2026/09/02 23:42:35.157, 46383, 95830, 0,17565972
2026/09/02 23:42:50.231, 46383, 95830, 0,12829876
2026/09/02 23:43:05.299, 46383, 95830, 8,14322376
2026/09/02 23:43:20.367, 46383, 95830, 0,8814132
2026/09/02 23:43:35.437, 46383, 95830, 0,12433220
2026/09/02 23:43:50.507, 46383, 95830, 0,16584632
2026/09/02 23:44:05.577, 46383, 95830, 0,9083676
2026/09/02 23:44:20.652, 46383, 95830, 0,10029584
2026/09/02 23:44:35.731, 46383, 95830, 33,15569472
2026/09/02 23:44:50.801, 46383, 95830, 0,8898356
2026/09/02 23:45:05.874, 46383, 95830, 0,14518492
2026/09/02 23:45:20.955, 46383, 95830, 0,9154512
2026/09/02 23:45:36.063, 46383, 95830, 0,13088236
2026/09/02 23:45:51.180, 46383, 95830, 18,8888344
2026/09/02 23:46:06.251, 46383, 95830, 34,15688588
2026/09/02 23:46:21.323, 46383, 95830, 0,8958816
2026/09/02 23:46:36.431, 46383, 95830, 0,13810264
2026/09/02 23:46:51.538, 46383, 95830, 0,14794268
2026/09/02 23:47:06.609, 46383, 95830, 0,9237836
2026/09/02 23:47:21.683, 46383, 95830, 0,9340432
2026/09/02 23:47:36.747, 46383, 95830, 0,14182860
2026/09/02 23:47:51.815, 46383, 95830, 0,16040504
2026/09/02 23:48:06.891, 46383, 95830, 0,9478316
2026/09/02 23:48:21.954, 46383, 95830, 0,16557252
2026/09/02 23:48:37.075, 46383, 95830, 0,11521112
2026/09/02 23:48:52.146, 46383, 95830, 0,9693344
2026/09/02 23:49:07.261, 46383, 95830, 0,19239876
2026/09/02 23:49:22.374, 46383, 95830, 7,15610276
2026/09/02 23:49:37.443, 46383, 95830, 0,9678264
2026/09/02 23:49:52.531, 46383, 95830, 0,18123564
2026/09/02 23:50:07.601, 46383, 95830, 0,10449028
2026/09/02 23:50:22.713, 46383, 95830, 0,10728888
2026/09/02 23:50:37.783, 46383, 95830, 0,14354960
2026/09/02 23:50:52.887, 46383, 95830, 8,10333332
2026/09/02 23:51:07.959, 46383, 95830, 0,10833932
2026/09/02 23:51:23.071, 46383, 95830, 0,17773056
2026/09/02 23:51:38.195, 46383, 95830, 0,10264560
2026/09/02 23:51:53.266, 46383, 95830, 0,10278840
2026/09/02 23:52:08.339, 46383, 95830, 0,19174616
2026/09/02 23:52:23.431, 46383, 95830, 0,18340276
2026/09/02 23:52:38.505, 46383, 95830, 0,10489888
2026/09/02 23:52:53.574, 46383, 95830, 0,10305460
2026/09/02 23:53:08.647, 46383, 95830, 0,10397012
2026/09/02 23:53:23.739, 46383, 95830, 0,19625572
2026/09/02 23:53:38.820, 46383, 95830, 0,15697124
2026/09/02 23:53:53.889, 46383, 95830, 0,10582444
2026/09/02 23:54:08.965, 46383, 95830, 0,14338700
2026/09/02 23:54:24.084, 46383, 95830, 74,10829232
2026/09/02 23:54:39.156, 46383, 95830, 0,10635772
2026/09/02 23:54:54.235, 46383, 95830, 0,10738744
2026/09/02 23:55:09.301, 46383, 95830, 0,16268900
2026/09/02 23:55:24.369, 46383, 95830, 0,10901244
2026/09/02 23:55:39.443, 46383, 95830, 36,11000740
2026/09/02 23:55:54.558, 46383, 95830, 0,15088364
2026/09/02 23:56:09.692, 46383, 95830, 0,16061028
2026/09/02 23:56:24.773, 46383, 95830, 0,21133540
2026/09/02 23:56:39.855, 46383, 95830, 0,16607132
2026/09/02 23:56:54.934, 46383, 95830, 0,11118972
2026/09/02 23:57:10.002, 46383, 95830, 0,11212996
2026/09/02 23:57:25.080, 46383, 95830, 0,17126296
2026/09/02 23:57:40.157, 46383, 95830, 0,12146184
2026/09/02 23:57:55.231, 46383, 95830, 0,11438216
2026/09/02 23:58:10.296, 46383, 95830, 16,11739232
2026/09/02 23:58:25.388, 46383, 95830, 0,19122936
2026/09/02 23:58:40.449, 46383, 95830, 0,17867384
2026/09/02 23:58:55.521, 46383, 95830, 0,11490904
2026/09/02 23:59:10.631, 46383, 95830, 0,18784936
2026/09/02 23:59:25.706, 46383, 95830, 0,15201880
2026/09/02 23:59:40.782, 46383, 95830, 0,11760176
2026/09/02 23:59:55.856, 46383, 95830, 0,12170088
2026/09/03 00:00:10.932, 46383, 95830, 0,17732168
2026/09/03 00:00:26.004, 46383, 95830, 0,11831976
2026/09/03 00:00:41.079, 46383, 95830, 0,11991572
2026/09/03 00:00:56.148, 46383, 95830, 0,12042720
2026/09/03 00:01:11.231, 46383, 95830, 0,21911960
2026/09/03 00:01:26.299, 46383, 95830, 0,17606584
2026/09/03 00:01:41.355, 46383, 95830, 28,12334044
2026/09/03 00:01:56.418, 46383, 95830, 0,12090240
2026/09/03 00:02:11.525, 46383, 95830, 0,19099236
2026/09/03 00:02:26.593, 46383, 95830, 0,12306692
2026/09/03 00:02:41.663, 46383, 95830, 0,20185124
2026/09/03 00:02:56.765, 46383, 95830, 0,12521204
2026/09/03 00:03:11.840, 46383, 95830, 0,16317692
2026/09/03 00:03:26.928, 46383, 95830, 41,17323108
2026/09/03 00:03:42.007, 46383, 95830, 0,12646868
2026/09/03 00:03:57.078, 46383, 95830, 0,21525488
2026/09/03 00:04:12.162, 46383, 95830, 0,20492492
2026/09/03 00:04:27.276, 46383, 95830, 0,14753396
2026/09/03 00:04:42.351, 46383, 95830, 0,12829924
2026/09/03 00:04:57.427, 46383, 95830, 0,21304444
2026/09/03 00:05:12.532, 46383, 95830, 0,23078968
2026/09/03 00:05:27.607, 46383, 95830, 0,16173156
2026/09/03 00:05:42.678, 46383, 95830, 0,12684140
2026/09/03 00:05:57.749, 46383, 95830, 0,16700628
2026/09/03 00:06:12.820, 46383, 95830, 0,18213712
2026/09/03 00:06:27.885, 46383, 95830, 0,12916816
2026/09/03 00:06:42.957, 46383, 95830, 0,19754820
2026/09/03 00:06:58.053, 46383, 95830, 0,17332632
2026/09/03 00:07:13.173, 46383, 95830, 0,17730700
2026/09/03 00:07:28.237, 46383, 95830, 0,12832272
2026/09/03 00:07:43.308, 46383, 95830, 0,19601240
2026/09/03 00:07:58.380, 46383, 95830, 0,20719292
2026/09/03 00:08:13.459, 46383, 95830, 0,13021340
2026/09/03 00:08:28.536, 46383, 95830, 0,13115192
2026/09/03 00:08:43.633, 46383, 95830, 0,17031496
2026/09/03 00:08:58.707, 46383, 95830, 0,12801796
2026/09/03 00:09:13.783, 46383, 95830, 0,18108132
2026/09/03 00:09:28.861, 46383, 95830, 0,17104352
2026/09/03 00:09:43.977, 46383, 95830, 0,13295240
2026/09/03 00:09:59.049, 46383, 95830, 0,13247920
2026/09/03 00:10:14.118, 46383, 95830, 0,17292420
2026/09/03 00:10:29.189, 50383, 95830, 0,12861160
2026/09/03 00:10:44.268, 54383, 95830, 0,13815064
2026/09/03 00:10:59.350, 54383, 95830, 0,19109932
2026/09/03 00:11:14.422, 54383, 95830, 0,13093272
2026/09/03 00:11:29.494, 54383, 95830, 0,13210488
2026/09/03 00:11:44.563, 54383, 95830, 0,22733688
2026/09/03 00:11:59.630, 54383, 95830, 0,13370744
2026/09/03 00:12:14.709, 54383, 95830, 0,13143960
2026/09/03 00:12:29.784, 54383, 95830, 0,18520552
2026/09/03 00:12:44.854, 54383, 95830, 0,13484868
2026/09/03 00:12:59.932, 54383, 95830, 0,13334136
2026/09/03 00:13:15.002, 54383, 95830, 0,17802956
2026/09/03 00:13:30.068, 54383, 95830, 0,17222448
2026/09/03 00:13:45.144, 54383, 95830, 0,13225676
2026/09/03 00:14:00.213, 54383, 95830, 0,13301772
2026/09/03 00:14:15.284, 54383, 95830, 0,13392516
2026/09/03 00:14:30.361, 54383, 95830, 0,16738136
2026/09/03 00:14:45.436, 54383, 95830, 0,13665020
2026/09/03 00:15:00.513, 54383, 95830, 0,16924220
2026/09/03 00:15:15.588, 54383, 95830, 0,17671728
2026/09/03 00:15:30.661, 54383, 95830, 0,21800512
2026/09/03 00:15:45.736, 54383, 95830, 0,14329404
2026/09/03 00:16:00.806, 54383, 95830, 48,14065472
2026/09/03 00:16:15.869, 54383, 95830, 0,19979140
2026/09/03 00:16:31.027, 54383, 95830, 0,16347940
2026/09/03 00:16:46.099, 54383, 95830, 0,14073324
2026/09/03 00:17:01.170, 54383, 95830, 0,20284424
2026/09/03 00:17:16.285, 54383, 95830, 0,14275780
2026/09/03 00:17:31.361, 54383, 95830, 0,18700420
2026/09/03 00:17:46.475, 54383, 95830, 0,20216652
2026/09/03 00:18:01.550, 54383, 95830, 0,14153116
2026/09/03 00:18:16.613, 54383, 95830, 0,17309348
2026/09/03 00:18:31.682, 54383, 95830, 0,14346136
2026/09/03 00:18:46.764, 54383, 95830, 4,14431604
2026/09/03 00:19:01.828, 54383, 95830, 0,18424296
2026/09/03 00:19:16.906, 54383, 95830, 0,14233708
2026/09/03 00:19:31.965, 54383, 95830, 0,20396560
2026/09/03 00:19:47.082, 54383, 95830, 0,14434196
2026/09/03 00:20:02.157, 54383, 95830, 0,15355408
2026/09/03 00:20:17.227, 54383, 95830, 0,19437436
2026/09/03 00:20:32.332, 54383, 95830, 0,18455736
2026/09/03 00:20:47.402, 54383, 95830, 0,14434284
2026/09/03 00:21:02.473, 54383, 95830, 0,14504076
2026/09/03 00:21:17.547, 54383, 95830, 0,18902704
2026/09/03 00:21:32.618, 54383, 95830, 0,16582780
2026/09/03 00:21:47.686, 54383, 95830, 0,19836664
2026/09/03 00:22:02.761, 54383, 95830, 0,21200032
2026/09/03 00:22:17.889, 54383, 95830, 0,14557704
2026/09/03 00:22:32.932, 54383, 95830, 0,18631104
2026/09/03 00:22:48.032, 54383, 95830, 0,22573028
2026/09/03 00:23:03.103, 54383, 95830, 0,14444660
2026/09/03 00:23:18.174, 54383, 95830, 0,23481768
2026/09/03 00:23:33.293, 54383, 95830, 0,14533840
2026/09/03 00:23:48.353, 54383, 95830, 0,16338824
2026/09/03 00:24:03.470, 54383, 95830, 0,17872720
2026/09/03 00:24:18.543, 54383, 95830, 0,22144212
2026/09/03 00:24:33.613, 54383, 95830, 0,14495908
2026/09/03 00:24:48.685, 54383, 95830, 0,19611820
2026/09/03 00:25:03.775, 54383, 95830, 0,16291192
2026/09/03 00:25:18.845, 54383, 95830, 0,14727664
2026/09/03 00:25:33.960, 54383, 95830, 0,14749736
2026/09/03 00:25:49.131, 54383, 95830, 0,22389836
2026/09/03 00:26:04.255, 54383, 95830, 0,19141112
2026/09/03 00:26:19.434, 54383, 95830, 0,19093764
2026/09/03 00:26:34.540, 54383, 95830, 0,20604672
2026/09/03 00:26:49.739, 54383, 95830, 0,21604580
2026/09/03 00:27:04.855, 54383, 95830, 0,21100584
2026/09/03 00:27:20.041, 54383, 95830, 0,21931776
2026/09/03 00:27:35.131, 54383, 95830, 0,21918012
2026/09/03 00:27:50.237, 54383, 95830, 0,18901820
2026/09/03 00:28:05.354, 54383, 95830, 0,14303636
2026/09/03 00:28:20.469, 54383, 95830, 0,14347816
2026/09/03 00:28:35.566, 54383, 95830, 0,14534204
2026/09/03 00:28:50.718, 54383, 95830, 0,14541528
2026/09/03 00:29:05.826, 54383, 95830, 0,14603024
2026/09/03 00:29:21.031, 54383, 95830, 0,21144432
2026/09/03 00:29:36.255, 54383, 95830, 0,21272792
2026/09/03 00:29:51.367, 54383, 95830, 0,15159628
2026/09/03 00:30:06.477, 54383, 95830, 0,14524856
2026/09/03 00:30:21.570, 54383, 95830, 0,14442348
2026/09/03 00:30:36.684, 54383, 95830, 0,14520612
2026/09/03 00:30:51.756, 54383, 95830, 0,14614076
2026/09/03 00:31:06.830, 54383, 95830, 0,19799440
2026/09/03 00:31:21.930, 54383, 95830, 0,22173696
2026/09/03 00:31:37.035, 54383, 95830, 0,19533860
2026/09/03 00:31:52.105, 54383, 95830, 90,14901544
2026/09/03 00:32:07.173, 54383, 95830, 0,19894692
2026/09/03 00:32:22.279, 54383, 95830, 0,14519432
2026/09/03 00:32:37.348, 54383, 95830, 0,20516732
2026/09/03 00:32:52.395, 54383, 95830, 0,19628140
2026/09/03 00:33:07.541, 54383, 95830, 0,20451224
2026/09/03 00:33:22.724, 54383, 95830, 0,18430496
2026/09/03 00:33:37.827, 54383, 95830, 0,20287872
2026/09/03 00:33:52.933, 54383, 95830, 0,22241992
2026/09/03 00:34:08.113, 54383, 95830, 0,22551492
2026/09/03 00:34:23.340, 54383, 95830, 0,18423528
2026/09/03 00:34:38.467, 54383, 95830, 0,19429332
2026/09/03 00:34:53.551, 54383, 95830, 0,18085004
2026/09/03 00:35:08.654, 54383, 95830, 0,21619892
2026/09/03 00:35:23.760, 54383, 95830, 0,25259424
2026/09/03 00:35:38.928, 54383, 95830, 0,23027152
2026/09/03 00:35:54.031, 54383, 95830, 0,15294080
2026/09/03 00:36:09.100, 54383, 95830, 0,14829288
2026/09/03 00:36:24.169, 54383, 95830, 0,22032072
2026/09/03 00:36:39.322, 54383, 95830, 0,19832592
2026/09/03 00:36:54.429, 54383, 95830, 0,22855624
2026/09/03 00:37:09.556, 54383, 95830, 0,20656492
2026/09/03 00:37:24.713, 54383, 95830, 0,21209104
2026/09/03 00:37:39.832, 54383, 95830, 0,20371456
2026/09/03 00:37:54.943, 54383, 95830, 0,19100436
2026/09/03 00:38:10.045, 54383, 95830, 0,15419596
2026/09/03 00:38:25.142, 54383, 95830, 0,20643920
2026/09/03 00:38:40.244, 54383, 95830, 0,19924292
2026/09/03 00:38:55.338, 54383, 95830, 0,21985028
2026/09/03 00:39:10.437, 54383, 95830, 0,23735160
2026/09/03 00:39:25.721, 54383, 95830, 0,19483268
2026/09/03 00:39:40.867, 54383, 95830, 0,19905040
2026/09/03 00:39:55.954, 54383, 95830, 0,19944788
2026/09/03 00:40:10.998, 54383, 95830, 0,20066188
2026/09/03 00:40:26.054, 54383, 95830, 0,15451920
2026/09/03 00:40:41.135, 54383, 95830, 0,15058468
2026/09/03 00:40:56.179, 54383, 95830, 0,15036384
2026/09/03 00:41:11.228, 54383, 95830, 0,15305548
2026/09/03 00:41:26.275, 54383, 95830, 0,23033756
2026/09/03 00:41:41.349, 54383, 95830, 0,15317216
2026/09/03 00:41:56.400, 54383, 95830, 0,16798948
2026/09/03 00:42:11.449, 54383, 95830, 0,19589144
2026/09/03 00:42:26.555, 54383, 95830, 0,17459624
2026/09/03 00:42:41.647, 54383, 95830, 0,15193172
2026/09/03 00:42:56.683, 54383, 95830, 0,15165560
2026/09/03 00:43:11.755, 63304, 95830, 0,15272708
2026/09/03 00:43:26.848, 63304, 95830, 0,15307884
2026/09/03 00:43:41.940, 63304, 95830, 0,15308252
2026/09/03 00:43:57.025, 63304, 95830, 0,22753140
2026/09/03 00:44:12.128, 63304, 95830, 0,15440360
2026/09/03 00:44:27.233, 65304, 95830, 0,20062600
2026/09/03 00:44:42.333, 65304, 95830, 0,20411508
2026/09/03 00:44:57.451, 65304, 95830, 0,18026352
2026/09/03 00:45:12.713, 65304, 95830, 0,15163328
2026/09/03 00:45:27.813, 65304, 95830, 0,15197244
2026/09/03 00:45:42.945, 65304, 95830, 0,15389392
2026/09/03 00:45:58.252, 65304, 95830, 0,15359272
2026/09/03 00:46:13.426, 65304, 95830, 0,15386780
2026/09/03 00:46:28.467, 65304, 95830, 0,15415252
2026/09/03 00:46:43.520, 65304, 95830, 0,15470916
2026/09/03 00:46:58.569, 65304, 95830, 0,18072672
2026/09/03 00:47:13.723, 65304, 95830, 0,19045044
2026/09/03 00:47:28.767, 65304, 95830, 0,20613524
2026/09/03 00:47:43.863, 65304, 95830, 0,21126992
2026/09/03 00:47:58.953, 65304, 95830, 0,20713848
2026/09/03 00:48:14.136, 65304, 95830, 0,24368148
2026/09/03 00:48:29.325, 65304, 95830, 0,21124604
2026/09/03 00:48:44.364, 65304, 95830, 0,15427876
2026/09/03 00:48:59.429, 65304, 95830, 0,15421304
2026/09/03 00:49:14.529, 65304, 95830, 0,15503520
2026/09/03 00:49:29.613, 65304, 95830, 0,15028128
2026/09/03 00:49:44.657, 65304, 95830, 0,20979520
2026/09/03 00:49:59.760, 65304, 95830, 0,18170100
2026/09/03 00:50:14.848, 65304, 95830, 0,24812684
2026/09/03 00:50:30.019, 65304, 95830, 0,18505864
2026/09/03 00:50:45.151, 65304, 95830, 0,15331324
2026/09/03 00:51:00.185, 65304, 95830, 0,15358784
2026/09/03 00:51:15.258, 65304, 95830, 0,24406776
2026/09/03 00:51:30.367, 65304, 95830, 0,22102928
2026/09/03 00:51:45.456, 65304, 95830, 0,15515548
2026/09/03 00:52:00.713, 65304, 95830, 0,18352308
2026/09/03 00:52:15.932, 65304, 95830, 0,21275996
2026/09/03 00:52:31.013, 65304, 95830, 0,21857388
2026/09/03 00:52:46.129, 65304, 95830, 0,15179916
2026/09/03 00:53:01.171, 65304, 95830, 12,15323500
2026/09/03 00:53:16.272, 65304, 95830, 0,15383496
2026/09/03 00:53:31.338, 65304, 95830, 0,15408720
2026/09/03 00:53:46.437, 65304, 95830, 0,21147916
2026/09/03 00:54:01.620, 65304, 95830, 0,19086996
2026/09/03 00:54:16.730, 65304, 95830, 6,24145972
2026/09/03 00:54:31.813, 65304, 95830, 0,20716004
2026/09/03 00:54:46.957, 65304, 95830, 0,15125468
2026/09/03 00:55:02.036, 65304, 95830, 0,15164852
2026/09/03 00:55:17.129, 65304, 95830, 0,15146364
2026/09/03 00:55:32.237, 65306, 95830, 6,17297280
2026/09/03 00:55:47.531, 65306, 95830, 0,22301708
2026/09/03 00:56:02.639, 65306, 95830, 0,23343300
2026/09/03 00:56:17.820, 65306, 95830, 0,15383868
2026/09/03 00:56:32.861, 65306, 95830, 6,15644356
2026/09/03 00:56:47.968, 65306, 95830, 0,15472912
2026/09/03 00:57:03.059, 82494, 95830, 0,21261084
2026/09/03 00:57:18.161, 82494, 95830, 0,22792744
2026/09/03 00:57:33.442, 82494, 95830, 0,15103764
2026/09/03 00:57:48.554, 82494, 95830, 0,19915924
2026/09/03 00:58:03.725, 82494, 95830, 0,15297524
2026/09/03 00:58:18.805, 82494, 95830, 0,15232360
2026/09/03 00:58:33.868, 82494, 95830, 0,20164356
2026/09/03 00:58:48.948, 82494, 95830, 0,22295692
2026/09/03 00:59:04.035, 82494, 95830, 0,24965196
2026/09/03 00:59:19.123, 82494, 95830, 0,22347272
2026/09/03 00:59:34.206, 82494, 95830, 0,15539236
2026/09/03 00:59:49.321, 82494, 95830, 0,15065656
2026/09/03 01:00:04.432, 82494, 95830, 0,16651680
2026/09/03 01:00:19.571, 86494, 95830, 10,21065864
2026/09/03 01:00:34.653, 86494, 95830, 6,15639768
2026/09/03 01:00:49.732, 86494, 95830, 0,15375944
2026/09/03 01:01:04.835, 86494, 95830, 0,15607304
2026/09/03 01:01:19.914, 86494, 95830, 0,15674604
2026/09/03 01:01:34.988, 86494, 95830, 69,15561220
2026/09/03 01:01:50.064, 86494, 95830, 0,15122652
2026/09/03 01:02:05.232, 86494, 95830, 0,22330668
2026/09/03 01:02:20.439, 86494, 95830, 0,23287308
2026/09/03 01:02:35.569, 86494, 95830, 0,20101168
2026/09/03 01:02:50.713, 86494, 95830, 0,22041112
2026/09/03 01:03:05.759, 86494, 95830, 0,19257736
2026/09/03 01:03:20.837, 86494, 95830, 0,15567328
2026/09/03 01:03:35.919, 86494, 95830, 0,15549528
2026/09/03 01:03:50.966, 86494, 95830, 0,15137500
2026/09/03 01:04:06.032, 86494, 95830, 0,15101204
2026/09/03 01:04:21.083, 86494, 95830, 7,15218856
2026/09/03 01:04:36.134, 75570, 95830, 0,15295644
2026/09/03 01:04:51.211, 75570, 95830, 0,15339160
2026/09/03 01:05:06.259, 75570, 95830, 37,15399420
2026/09/03 01:05:21.334, 75570, 95830, 0,15492956
2026/09/03 01:05:36.406, 75570, 95830, 0,15561228
2026/09/03 01:05:51.460, 75570, 95830, 9,15092260
2026/09/03 01:06:06.539, 75570, 95830, 0,15146372
2026/09/03 01:06:21.630, 75570, 95830, 0,22673604
2026/09/03 01:06:36.722, 75570, 95830, 0,23207816
2026/09/03 01:06:51.824, 75570, 95830, 0,20051036
2026/09/03 01:07:06.913, 75570, 95830, 0,15485660
2026/09/03 01:07:22.030, 75570, 95830, 0,23926216
2026/09/03 01:07:37.070, 75570, 95830, 0,20158600
2026/09/03 01:07:52.165, 75570, 95830, 0,15211304
2026/09/03 01:08:07.243, 75570, 95830, 0,15304304
2026/09/03 01:08:22.331, 75570, 95830, 0,15280744
2026/09/03 01:08:37.432, 75570, 95830, 0,15374196
2026/09/03 01:08:52.482, 75570, 95830, 0,15409288
2026/09/03 01:09:07.537, 75570, 95830, 0,18668240
2026/09/03 01:09:22.673, 75570, 95830, 0,15529368
2026/09/03 01:09:37.832, 75570, 95830, 0,20646744
2026/09/03 01:09:52.881, 84492, 95830, 0,20821496
2026/09/03 01:10:07.949, 84492, 95830, 0,17850176
2026/09/03 01:10:22.988, 84492, 95830, 0,15263312
2026/09/03 01:10:38.052, 86492, 95830, 0,15340616
2026/09/03 01:10:53.132, 86492, 95830, 0,15349184
2026/09/03 01:11:08.178, 86492, 95830, 0,15479224
2026/09/03 01:11:23.252, 86492, 95830, 28,15534380
2026/09/03 01:11:38.359, 86492, 95830, 0,22235148
2026/09/03 01:11:53.449, 86492, 95830, 0,22452364
2026/09/03 01:12:08.546, 86492, 95830, 0,22599892
2026/09/03 01:12:23.621, 86492, 95830, 0,16474940
2026/09/03 01:12:38.664, 86492, 95830, 0,18475132
2026/09/03 01:12:53.769, 86492, 95830, 5,23835092
2026/09/03 01:13:08.863, 86492, 95830, 0,21455792
2026/09/03 01:13:23.948, 86492, 95830, 0,23727368
2026/09/03 01:13:39.113, 86492, 95830, 0,22392192
2026/09/03 01:13:54.193, 86492, 95830, 0,15059660
2026/09/03 01:14:09.248, 86492, 95830, 0,15173772
2026/09/03 01:14:24.323, 75570, 95830, 0,15223920
2026/09/03 01:14:39.431, 75570, 95830, 0,24114028
2026/09/03 01:14:54.492, 75570, 95830, 0,17645816
2026/09/03 01:15:09.561, 84492, 95830, 0,15513852
2026/09/03 01:15:24.632, 84492, 95830, 0,15575940
2026/09/03 01:15:39.710, 84492, 95830, 0,15139816
2026/09/03 01:15:54.848, 86492, 95830, 0,15308364
2026/09/03 01:16:09.976, 86492, 95830, 0,15281784
2026/09/03 01:16:25.054, 86492, 95830, 0,20185192
2026/09/03 01:16:40.141, 86492, 95830, 0,22778260
2026/09/03 01:16:55.323, 86492, 95830, 0,21298796
2026/09/03 01:17:10.441, 86492, 95830, 7,15550340
2026/09/03 01:17:25.522, 86492, 95830, 0,18660084
2026/09/03 01:17:40.658, 86492, 95830, 0,16178224
2026/09/03 01:17:55.762, 86492, 95830, 18,15251920
2026/09/03 01:18:10.862, 86492, 95830, 0,22239540
2026/09/03 01:18:25.916, 86492, 95830, 13,20859524
2026/09/03 01:18:40.999, 86492, 95830, 0,19771764
2026/09/03 01:18:56.051, 86492, 95830, 16,17339944
2026/09/03 01:19:11.095, 86492, 95830, 0,16920056
2026/09/03 01:19:26.225, 86492, 95830, 23,15638972
2026/09/03 01:19:41.313, 86492, 95830, 0,22763832
2026/09/03 01:19:56.424, 86492, 95830, 0,21170748
2026/09/03 01:20:11.465, 86492, 95830, 0,19357380
2026/09/03 01:20:26.553, 86492, 95830, 0,15403768
2026/09/03 01:20:41.674, 86494, 95830, 0,19592940
2026/09/03 01:20:56.725, 86494, 95830, 0,16852336
2026/09/03 01:21:11.767, 86494, 95830, 96,15651056
2026/09/03 01:21:26.832, 86494, 95830, 0,21141248
2026/09/03 01:21:41.933, 86494, 95830, 10,15299272
2026/09/03 01:21:56.983, 86494, 95830, 0,15334364
2026/09/03 01:22:12.066, 86494, 95830, 44,18470352
2026/09/03 01:22:27.154, 86494, 95830, 0,20617124
2026/09/03 01:22:42.245, 86494, 95830, 0,19515292
2026/09/03 01:22:57.325, 86494, 95830, 0,15614528
2026/09/03 01:23:12.371, 86494, 95830, 0,15733976
2026/09/03 01:23:27.464, 86494, 95830, 0,15285744
2026/09/03 01:23:42.533, 86494, 95830, 0,20472224
2026/09/03 01:23:57.576, 86494, 95830, 0,21659696
2026/09/03 01:24:12.679, 86494, 95830, 0,15630916
2026/09/03 01:24:27.775, 86494, 95830, 0,15527428
2026/09/03 01:24:42.823, 86494, 95830, 100,15639460
2026/09/03 01:24:57.945, 86494, 95830, 0,20661168
2026/09/03 01:25:13.077, 86494, 95830, 0,18759412
2026/09/03 01:25:28.155, 75570, 95830, 0,21759588
2026/09/03 01:25:43.332, 75570, 95830, 0,20151980
2026/09/03 01:25:58.421, 75570, 95830, 0,16635596
2026/09/03 01:26:13.465, 75570, 95830, 0,15501312
2026/09/03 01:26:28.558, 75570, 95830, 0,19246352
2026/09/03 01:26:43.641, 75570, 95830, 2,15630668
2026/09/03 01:26:58.698, 75570, 95830, 0,15315684
2026/09/03 01:27:13.789, 75570, 95830, 0,20496504
2026/09/03 01:27:28.913, 76504, 95830, 0,23144456
2026/09/03 01:27:43.989, 76584, 95830, 0,15458108
2026/09/03 01:27:59.058, 76610, 95830, 3,21120920
2026/09/03 01:28:14.105, 76610, 95830, 0,15652192
2026/09/03 01:28:29.149, 76190, 95830, 0,18121348
2026/09/03 01:28:44.214, 75570, 95830, 0,21418892
2026/09/03 01:28:59.289, 75570, 95830, 0,15364612
2026/09/03 01:29:14.359, 75570, 95830, 0,20027616
2026/09/03 01:29:29.428, 75570, 95830, 8,15544692
2026/09/03 01:29:44.476, 75570, 95830, 0,16581832
2026/09/03 01:29:59.546, 75570, 95830, 0,22227980
2026/09/03 01:30:14.590, 75570, 95830, 0,17034328
2026/09/03 01:30:29.684, 75570, 95830, 0,15688196
2026/09/03 01:30:44.762, 75570, 95830, 0,17327196
2026/09/03 01:30:59.834, 75570, 95830, 0,18951724
2026/09/03 01:31:14.935, 75570, 95830, 0,22990564
2026/09/03 01:31:29.984, 75570, 95830, 0,16020196
2026/09/03 01:31:45.057, 75570, 95830, 0,21584376
2026/09/03 01:32:00.105, 75570, 95830, 9,16086772
2026/09/03 01:32:15.149, 75570, 95830, 0,20822204
2026/09/03 01:32:30.201, 75570, 95830, 0,19428276
2026/09/03 01:32:45.266, 75570, 95830, 0,20100032
2026/09/03 01:33:00.329, 75570, 95830, 84,16541068
2026/09/03 01:33:15.370, 75570, 95830, 0,19825056
2026/09/03 01:33:30.453, 75570, 95830, 0,16537812
2026/09/03 01:33:45.539, 75570, 95830, 0,22859352
2026/09/03 01:34:00.592, 75570, 95830, 32,22516520
2026/09/03 01:34:15.636, 75570, 95830, 0,16812852
2026/09/03 01:34:30.713, 75572, 95830, 0,16935636
2026/09/03 01:34:45.761, 75572, 95830, 0,22032212
2026/09/03 01:35:00.834, 75572, 95830, 0,16965312
2026/09/03 01:35:15.882, 75572, 95830, 0,16979252
2026/09/03 01:35:30.958, 75572, 95830, 0,23419752
2026/09/03 01:35:46.032, 75572, 95830, 0,17196140
2026/09/03 01:36:01.096, 75572, 95830, 0,22965952
2026/09/03 01:36:16.167, 79572, 95830, 0,22031788
2026/09/03 01:36:31.210, 83572, 95830, 0,20558048
2026/09/03 01:36:46.272, 83572, 95830, 0,17330264
2026/09/03 01:37:01.319, 83572, 95830, 0,22309892
2026/09/03 01:37:16.354, 83572, 95830, 0,21010108
2026/09/03 01:37:31.420, 83572, 95830, 0,17486584
2026/09/03 01:37:46.487, 83572, 95830, 0,17615820
2026/09/03 01:38:01.550, 83572, 95830, 0,17383628
2026/09/03 01:38:16.655, 83572, 95830, 0,23780964
2026/09/03 01:38:31.749, 83572, 95830, 25,17572180
2026/09/03 01:38:46.796, 83572, 95830, 0,24367100
2026/09/03 01:39:01.883, 83572, 95830, 0,17683356
2026/09/03 01:39:16.928, 83572, 95830, 9,22792304
2026/09/03 01:39:32.000, 83572, 95830, 0,18643076
2026/09/03 01:39:47.074, 83572, 95830, 0,17685276
2026/09/03 01:40:02.166, 83572, 95830, 0,17746524
2026/09/03 01:40:17.215, 83572, 95830, 0,19370316
2026/09/03 01:40:32.278, 83572, 95830, 0,20389800
2026/09/03 01:40:47.324, 83572, 95830, 22,18154188
2026/09/03 01:41:02.394, 83572, 95830, 0,19129236
2026/09/03 01:41:17.439, 83572, 95830, 0,19194300
2026/09/03 01:41:32.545, 83572, 95830, 0,23003892
2026/09/03 01:41:47.621, 83572, 95830, 0,24439768
2026/09/03 01:42:02.694, 83572, 95830, 3,18565612
2026/09/03 01:42:17.745, 83572, 95830, 0,22954852
2026/09/03 01:42:32.828, 83572, 95830, 0,18383576
2026/09/03 01:42:47.876, 83572, 95830, 0,18962824
2026/09/03 01:43:02.967, 83572, 95830, 0,22062584
2026/09/03 01:43:18.001, 83572, 95830, 0,21943136
2026/09/03 01:43:33.076, 83572, 95830, 0,18469704
2026/09/03 01:43:48.123, 83572, 95830, 0,18979592
2026/09/03 01:44:03.173, 83572, 95830, 51,23656376
2026/09/03 01:44:18.252, 83572, 95830, 0,18716608
2026/09/03 01:44:33.421, 83572, 95830, 0,23771212
2026/09/03 01:44:48.574, 83572, 95830, 0,19864032
2026/09/03 01:45:03.664, 83572, 95830, 0,18590132
2026/09/03 01:45:18.734, 83572, 95830, 0,23837972
2026/09/03 01:45:33.857, 83572, 95830, 0,22371112
2026/09/03 01:45:48.972, 83572, 95830, 0,18845612
2026/09/03 01:46:04.017, 83572, 95830, 52,19036104
2026/09/03 01:46:19.113, 83572, 95830, 0,21477612
2026/09/03 01:46:34.167, 83572, 95830, 0,18682160
2026/09/03 01:46:49.237, 83572, 95830, 0,18802272
2026/09/03 01:47:04.284, 83572, 95830, 0,18885812
2026/09/03 01:47:19.357, 83572, 95830, 0,19034596
2026/09/03 01:47:34.430, 83572, 95830, 0,18711300
2026/09/03 01:47:49.523, 83572, 95830, 0,23177136
2026/09/03 01:48:04.573, 83572, 95830, 0,18931356
2026/09/03 01:48:19.674, 83572, 95830, 0,23428040
2026/09/03 01:48:34.767, 83572, 95830, 0,19064612
2026/09/03 01:48:49.839, 83572, 95830, 0,22479824
2026/09/03 01:49:04.875, 83572, 95830, 2,20790652
2026/09/03 01:49:19.951, 83572, 95830, 0,25112304
2026/09/03 01:49:35.031, 83572, 95830, 0,19243172
2026/09/03 01:49:50.076, 83572, 95830, 0,22312576
2026/09/03 01:50:05.160, 83572, 95830, 0,25683096
2026/09/03 01:50:20.285, 83572, 95830, 9,19493112
2026/09/03 01:50:35.367, 83572, 95830, 73,19786700
2026/09/03 01:50:50.469, 83572, 95830, 0,23446936
2026/09/03 01:51:05.548, 83572, 95830, 0,23496636
2026/09/03 01:51:20.589, 83572, 95830, 0,19565684
2026/09/03 01:51:35.658, 83572, 95830, 0,24215040
2026/09/03 01:51:50.703, 83572, 95830, 0,19749828
2026/09/03 01:52:05.766, 83572, 95830, 22,20111700
2026/09/03 01:52:20.849, 83572, 95830, 0,21090596
2026/09/03 01:52:35.932, 83572, 95830, 0,19767332
2026/09/03 01:52:50.989, 83572, 95830, 0,26668840
2026/09/03 01:53:06.051, 83572, 95830, 0,25258328
2026/09/03 01:53:21.146, 83572, 95830, 0,20019748
2026/09/03 01:53:36.197, 83572, 95830, 0,23793852
2026/09/03 01:53:51.239, 83572, 95830, 0,26488904
2026/09/03 01:54:06.330, 83572, 95830, 0,21759024
2026/09/03 01:54:21.382, 83572, 95830, 0,20013284
2026/09/03 01:54:36.518, 83572, 95830, 0,24404012
2026/09/03 01:54:51.565, 83572, 95830, 0,22566328
2026/09/03 01:55:06.638, 83572, 95830, 0,20929172
2026/09/03 01:55:21.687, 83572, 95830, 0,20314236
2026/09/03 01:55:36.847, 83572, 95830, 0,27636852
2026/09/03 01:55:51.971, 83572, 95830, 0,20052568
2026/09/03 01:56:07.043, 83572, 95830, 0,28352028
2026/09/03 01:56:22.093, 83572, 95830, 0,20267080
2026/09/03 01:56:37.158, 83572, 95830, 0,23748648
2026/09/03 01:56:52.251, 83572, 95830, 0,23991392
2026/09/03 01:57:07.351, 83572, 95830, 0,25972000
2026/09/03 01:57:22.485, 83572, 95830, 0,24887400
2026/09/03 01:57:37.530, 83572, 95830, 0,20436280
2026/09/03 01:57:52.645, 83572, 95830, 0,26032252
2026/09/03 01:58:07.841, 83572, 95830, 23,20562856
2026/09/03 01:58:22.878, 83572, 95830, 0,26148616
2026/09/03 01:58:37.953, 83572, 95830, 58,20772652
2026/09/03 01:58:53.020, 83572, 95830, 0,24442892
2026/09/03 01:59:08.070, 83572, 95830, 0,20472764
2026/09/03 01:59:23.146, 83572, 95830, 0,25628260
2026/09/03 01:59:38.221, 83572, 95830, 0,20665068
2026/09/03 01:59:53.338, 83572, 95830, 0,25019600
2026/09/03 02:00:08.444, 83572, 95830, 0,20795328
2026/09/03 02:00:23.504, 83572, 95830, 0,20405792
2026/09/03 02:00:38.553, 83572, 95830, 0,26036744
2026/09/03 02:00:53.639, 83572, 95830, 0,24870076
2026/09/03 02:01:08.712, 83572, 95830, 0,20670104
2026/09/03 02:01:23.782, 83572, 95830, 0,24675244
2026/09/03 02:01:38.858, 83572, 95830, 93,20990084
2026/09/03 02:01:53.975, 83572, 95830, 0,24593428
2026/09/03 02:02:09.087, 83572, 95830, 0,20674332
2026/09/03 02:02:24.152, 83572, 95830, 0,24734984
2026/09/03 02:02:39.193, 83572, 95830, 36,20863832
2026/09/03 02:02:54.246, 83572, 95830, 0,23806468
2026/09/03 02:03:09.316, 83572, 95830, 0,26115552
2026/09/03 02:03:24.361, 83572, 95830, 0,26410012
2026/09/03 02:03:39.431, 83572, 95830, 36,20946600
2026/09/03 02:03:54.471, 83572, 95830, 0,25240220
2026/09/03 02:04:09.569, 83572, 95830, 0,21161008
2026/09/03 02:04:24.646, 83572, 95830, 52,21227920
2026/09/03 02:04:39.813, 83572, 95830, 0,24073812
2026/09/03 02:04:54.868, 83572, 95830, 0,25121912
2026/09/03 02:05:09.977, 83572, 95830, 0,21044772
2026/09/03 02:05:25.026, 83572, 95830, 0,26314916
2026/09/03 02:05:40.069, 83572, 95830, 0,27378708
2026/09/03 02:05:55.172, 83572, 95830, 0,21340780
2026/09/03 02:06:10.248, 87572, 95830, 0,21162668
2026/09/03 02:06:25.301, 87572, 95830, 0,23591728
2026/09/03 02:06:40.348, 87572, 95830, 0,26156884
2026/09/03 02:06:55.456, 87572, 95830, 0,26526932
2026/09/03 02:07:10.513, 87572, 95830, 0,21530708
2026/09/03 02:07:25.633, 87572, 95830, 0,27719444
2026/09/03 02:07:40.751, 87572, 95830, 0,21230312
2026/09/03 02:07:55.801, 87572, 95830, 0,21310268
2026/09/03 02:08:10.873, 87572, 95830, 0,26174588
2026/09/03 02:08:25.941, 87572, 95830, 0,21588380
2026/09/03 02:08:40.982, 87572, 95830, 0,25197536
2026/09/03 02:08:56.021, 87572, 95830, 0,25407976
